"FullName","SizeKB","LastWriteTime"
"C:\MatchIT\api_routes.py.bak-2026-05-02-task9c","25.21","03/05/2026 07:44:13"
"C:\MatchIT\app.py.bak-2026-04-30","208.56","30/04/2026 23:11:17"
"C:\MatchIT\app.py.bak-2026-04-30-phase1","208.54","01/05/2026 00:50:50"
"C:\MatchIT\app.py.bak-2026-05-01-phase1-retry","208.56","01/05/2026 08:17:30"
"C:\MatchIT\app.py.bak-2026-05-01-step2","208.81","01/05/2026 09:26:58"
"C:\MatchIT\app.py.bak-2026-05-01-step2a","209.53","01/05/2026 10:17:48"
"C:\MatchIT\app.py.bak-2026-05-01-step2c","209.22","01/05/2026 11:28:39"
"C:\MatchIT\app.py.bak-2026-05-02-task4a","213.98","02/05/2026 16:21:49"
"C:\MatchIT\app.py.bak-2026-05-02-task6","213.15","02/05/2026 08:56:31"
"C:\MatchIT\app.py.bak-2026-05-02-task8","214.96","02/05/2026 23:17:20"
"C:\MatchIT\app.py.bak-2026-05-02-task9a","215.33","03/05/2026 07:03:56"
"C:\MatchIT\app.py.bak-2026-05-02-task9b","220.26","03/05/2026 07:13:29"
"C:\MatchIT\app.py.bak-2026-05-02-task9c","225.84","03/05/2026 07:44:13"
"C:\MatchIT\config.json.bak-2026-05-02-task6","2.88","02/05/2026 08:56:32"
"C:\MatchIT\config.json.bak-2026-05-02-task9a","2.94","03/05/2026 07:03:56"
"C:\MatchIT\db.py.bak-2026-04-30-phase1","12.68","01/05/2026 00:48:22"
"C:\MatchIT\db.py.bak-2026-05-01-sqlite-attempt","3.17","01/05/2026 08:54:50"
"C:\MatchIT\db.py.bak-2026-05-01-step2","2.52","01/05/2026 09:26:58"
"C:\MatchIT\db.py.bak-2026-05-01-step2a","4.2","01/05/2026 10:17:48"
"C:\MatchIT\db.py.bak-2026-05-01-step2c","6.2","01/05/2026 11:28:39"
"C:\MatchIT\db.py.bak-2026-05-02-task6","11.38","02/05/2026 08:56:31"
"C:\MatchIT\db.py.bak-2026-05-02-task9b","11.4","03/05/2026 07:13:29"
"C:\MatchIT\matchit_modal.py.bak-2026-04-30","8.58","30/04/2026 22:58:52"
"C:\MatchIT\matchit_modal.py.bak-2026-05-01-phase1-retry","8.58","01/05/2026 08:17:30"
"C:\MatchIT\set_scheduler.py.bak-2026-04-30","37.52","30/04/2026 23:11:42"
"C:\MatchIT\templates\base.html.bak-2026-04-30-phase1","41.43","01/05/2026 00:51:04"
"C:\MatchIT\templates\base.html.bak-2026-05-01-step2c","40.27","01/05/2026 11:36:27"
"C:\MatchIT\templates\base.html.bak-2026-05-02-task8","41.8","02/05/2026 23:17:20"
"C:\MatchIT\templates\base.html.bak-2026-05-02-task9c","41.8","03/05/2026 07:44:13"
"C:\MatchIT\templates\base.html.bak-2026-05-02-task9f","48.93","03/05/2026 07:49:25"
"C:\MatchIT\templates\collection.html.bak-2026-05-02-task4b","88.53","02/05/2026 16:30:21"
"C:\MatchIT\templates\collection.html.bak-2026-05-02-task7","88.56","02/05/2026 21:55:52"
"C:\MatchIT\templates\collection.html.bak-2026-05-02-task7b","88.56","02/05/2026 22:11:28"
"C:\MatchIT\templates\collection.html.bak-2026-05-02-task8","88.56","02/05/2026 23:17:20"
"C:\MatchIT\templates\contact.html.bak-2026-05-02-task7","7.77","02/05/2026 21:55:52"
"C:\MatchIT\templates\landing.html.bak-2026-05-02-task10","33.79","02/05/2026 23:18:23"
"C:\MatchIT\templates\landing.html.bak-2026-05-02-task11","36.68","03/05/2026 14:57:37"
"C:\MatchIT\templates\landing.html.bak-2026-05-02-task12","37.69","03/05/2026 15:17:08"
"C:\MatchIT\templates\landing.html.bak-2026-05-02-task4b","35.11","02/05/2026 16:30:21"
"C:\MatchIT\templates\landing.html.bak-2026-05-02-task8","33.79","02/05/2026 23:17:20"
"C:\MatchIT\templates\match.html.bak-2026-05-02-task4b","115.72","02/05/2026 16:30:21"
"C:\MatchIT\templates\match.html.bak-2026-05-02-task8","115.72","02/05/2026 23:17:20"
"C:\MatchIT\templates\match.html.bak-2026-05-02-task9c","115.72","03/05/2026 07:44:13"
"C:\MatchIT\templates\match.html.bak-2026-05-02-task9d","117.99","03/05/2026 07:52:54"
"C:\MatchIT\templates\match.html.bak-2026-05-02-task9e","118.07","03/05/2026 09:57:37"
"C:\MatchIT\templates\match.html.bak-2026-05-02-task9f","118.06","03/05/2026 10:02:02"
"C:\MatchIT\templates\match.html.bak-2026-05-02-task9g","117.83","03/05/2026 13:44:31"
"C:\MatchIT\templates\payment_success.html.bak-2026-05-02-task7","2.3","02/05/2026 21:55:52"
"C:\MatchIT\templates\results.html.bak-2026-05-02-task4b","77.39","02/05/2026 16:30:21"
"C:\MatchIT\templates\results.html.bak-2026-05-02-task9c","77.42","03/05/2026 07:44:13"
"C:\MatchIT\templates\terms.html.bak-2026-05-02-task4a","8.63","02/05/2026 16:21:49"
"C:\MatchIT\templates\upgrade.html.bak-2026-05-02-task4b","19.66","02/05/2026 16:30:21"
"C:\MatchIT\templates\upgrade.html.bak-2026-05-02-task7b","21.84","02/05/2026 22:11:28"
"C:\MatchIT\templates\upgrade.html.bak-2026-05-02-task8","21.84","02/05/2026 23:17:20"
