fn,game,true,pred_tv,s_tv,g_tv,pred_bil,s_bil,g_bil
PXL_20260614_142116011.jpg,yugioh,ygo-SGX3-ENE04-8581705,ygo-DR1-EN233-8581705,0.8792,0.0,ygo-DCR-071-8581705,0.8807,0.0
PXL_20260614_142125789.jpg,yugioh,ygo-SGX3-ENE07-35798491,ygo-DR1-EN231-35798491,0.7979,0.0,ygo-DCR-069-35798491,0.7971,0.0
PXL_20260614_142132953.jpg,yugioh,ygo-MGED-EN082-79747096,ygo-BLAR-EN021-79747096,0.809,0.0,ygo-BLAR-EN021-79747096,0.8019,0.0
PXL_20260614_142142661.jpg,yugioh,ygo-RA04-EN032-32600024,ygo-MGED-EN022-32600024,0.8336,0.0,ygo-MGED-EN022-32600024,0.8339,0.0
PXL_20260614_142152584.jpg,yugioh,ygo-RA04-EN045-29280200,ygo-RA04-EN045-29280200,0.9024,0.0,ygo-RA04-EN045-29280200,0.8992,0.0
PXL_20260614_142202218.jpg,yugioh,ygo-SGX3-END20-6799227,ygo-BP02-EN207-6799227,0.8455,0.0,ygo-STBL-EN070-6799227,0.8468,0.0
PXL_20260614_142211660.jpg,yugioh,ygo-SDBT-EN007-88078306,ygo-DUOV-EN054-88078306,0.8775,0.0,ygo-SDBT-EN007-88078306,0.8826,0.0
PXL_20260614_142218935.jpg,yugioh,ygo-SGX3-END18-80193355,ygo-MP25-EN173-50311058,0.7267,0.0005,ygo-MP24-EN074-92714517,0.7308,0.0
PXL_20260614_142231592.jpg,yugioh,ygo-SGX3-END16-67987611,ygo-SGX3-END16-67987611,0.7761,0.0,ygo-DR1-EN151-67987611,0.782,0.0
PXL_20260614_142240207.jpg,yugioh,ygo-SGX3-END14-36100154,ygo-DREV-EN054-36100154,0.8013,0.0,ygo-SGX3-END14-36100154,0.8014,0.0
PXL_20260614_142249204.jpg,yugioh,ygo-SGX3-ENE01-61370518,ygo-MP24-EN216-88554436,0.8743,0.0001,ygo-DR1-EN235-61370518,0.8792,0.0
PXL_20260614_142259295.jpg,yugioh,ygo-MGED-EN109-81119816,ygo-HISU-EN014-81119816,0.904,0.0,ygo-HISU-EN014-81119816,0.902,0.0
PXL_20260614_142313225.jpg,yugioh,ygo-RA04-EN057-73580471,ygo-L26D-ENX31-73580471,0.9032,0.0,ygo-L26D-ENX31-73580471,0.8988,0.0
PXL_20260614_142324969.jpg,yugioh,ygo-RA04-EN066-63746411,ygo-RA04-EN066-63746411,0.8405,0.0,ygo-LED9-EN053-63746411,0.8349,0.0
PXL_20260614_142334884.jpg,yugioh,ygo-RA04-EN064-12014404,ygo-WIRA-EN043-12014404,0.831,0.0,ygo-CT10-EN010-12014404,0.8304,0.0
PXL_20260614_142342775.jpg,yugioh,ygo-MGED-EN115-43886072,ygo-MGED-EN115-43886072,0.8853,0.0,ygo-HISU-EN021-43886072,0.8838,0.0
PXL_20260614_142343980.jpg,yugioh,ygo-MGED-EN115-43886072,ygo-MGED-EN115-43886072,0.8813,0.0,ygo-HISU-EN021-43886072,0.884,0.0
PXL_20260614_142356212.jpg,yugioh,ygo-MP25-EN027-46502744,ygo-CORE-EN045-46502744,0.8081,0.0,ygo-MP16-EN076-46502744,0.8046,0.0
PXL_20260614_142404352.jpg,yugioh,ygo-SDBT-EN005-28201945,ygo-PGL2-EN038-28201945,0.8751,0.0,ygo-PGL2-EN038-28201945,0.8753,0.0
PXL_20260614_142414276.jpg,yugioh,ygo-MGED-EN068-9753964,ygo-MGED-EN068-9753964,0.9186,0.0,ygo-HSRD-EN041-9753964,0.919,0.0
PXL_20260614_142426760.jpg,yugioh,ygo-SDBT-EN008-28868394,ygo-SDBT-EN008-28868394,0.9016,0.0,ygo-MP22-EN063-28868394,0.8997,0.0
PXL_20260614_142434918.jpg,yugioh,ygo-SDBT-EN006-45803070,ygo-SDBT-EN006-45803070,0.8777,0.0,ygo-MAGO-EN075-45803070,0.8806,0.0
PXL_20260614_142447926.jpg,yugioh,ygo-DREV-EN087-79965360,ygo-SGX3-END12-79965360,0.8112,0.0,ygo-DREV-EN087-79965360,0.8085,0.0
PXL_20260614_142455597.jpg,yugioh,ygo-SGX3-END13-712559,ygo-MP24-EN074-92714517,0.763,0.0,ygo-DREV-EN053-712559,0.7756,0.0
PXL_20260614_142509362.jpg,pokemon,me2pt5-28,me2pt5-28,0.8989,0.0348,me2pt5-28,0.9002,0.0381
PXL_20260614_142522795.jpg,pokemon,swsh6-18,swshp-SWSH277,0.8925,0.0031,swshp-SWSH277,0.8916,0.0038
PXL_20260614_142532460.jpg,pokemon,me2pt5-99,me2pt5-99,0.9017,0.0071,sv6-95,0.8986,0.0079
PXL_20260614_142549494.jpg,pokemon,me2pt5-12,dp1-63,0.8414,0.0131,dp1-63,0.8417,0.016
PXL_20260614_142600245.jpg,pokemon,sv4pt5-47,sv1-109,0.9489,0.0009,sv4pt5-47,0.9507,0.0032
PXL_20260614_142612080.jpg,pokemon,me2pt5-102,me2pt5-102,0.9174,0.0576,me2pt5-102,0.9199,0.0566
PXL_20260614_142622036.jpg,pokemon,me2pt5-60,me2pt5-60,0.8937,0.0044,me2pt5-60,0.8916,0.0021
PXL_20260614_142635747.jpg,pokemon,sv8-14,sv8-14,0.8868,0.0989,sv8-14,0.8943,0.1039
PXL_20260614_142644963.jpg,pokemon,me1-84,me1-84,0.8675,0.0324,me1-84,0.8657,0.0306
PXL_20260614_142654342.jpg,pokemon,sv8-141,sv8-141,0.8966,0.0719,sv8-141,0.8975,0.0682
PXL_20260614_142704322.jpg,pokemon,sv3-141,sv3-141,0.8631,0.0602,sv3-141,0.8647,0.0532
PXL_20260614_142715908.jpg,pokemon,sv8pt5-49,sv8pt5-49,0.9203,0.0003,sv8pt5-49,0.919,0.0005
PXL_20260614_142726129.jpg,pokemon,rsv10pt5-68,rsv10pt5-68,0.8787,0.1052,rsv10pt5-68,0.881,0.0875
PXL_20260614_142735982.jpg,pokemon,sv3-85,sv3-85,0.9143,0.0788,sv3-85,0.9131,0.0771
PXL_20260614_142743518.jpg,pokemon,swsh11-26,sm8-51,0.8389,0.0011,sm8-51,0.8389,0.005
PXL_20260614_142756027.jpg,pokemon,swsh11-36,swsh11-36,0.88,0.0193,swsh11-36,0.8789,0.0173
PXL_20260614_142808018.jpg,pokemon,swsh11-39,swsh11-39,0.8503,0.0224,swsh11-39,0.8487,0.0238
PXL_20260614_142816503.jpg,pokemon,swsh11-106,swsh11-106,0.9041,0.0782,swsh11-106,0.9058,0.0791
PXL_20260614_142824471.jpg,pokemon,me1-92,me1-92,0.8988,0.0757,me1-92,0.8932,0.0748
PXL_20260614_142835186.jpg,pokemon,sv9-155,sv9-155,0.8609,0.1233,sv9-155,0.8673,0.1264
PXL_20260614_142843227.jpg,pokemon,sv10-9,sv10-9,0.9152,0.0835,sv10-9,0.9135,0.086
PXL_20260614_142852519.jpg,pokemon,sv10-138,sv10-138,0.8921,0.0872,sv10-138,0.8979,0.0976
PXL_20260614_142902019.jpg,pokemon,zsv10pt5-64,zsv10pt5-64,0.8291,0.0211,zsv10pt5-64,0.8266,0.0119
PXL_20260614_142911617.jpg,pokemon,sv6-149,sv6-149,0.7941,0.0152,sv6-149,0.8002,0.0054
PXL_20260614_142922019.jpg,pokemon,swsh8-67,swsh8-67,0.9344,0.1038,swsh8-67,0.9323,0.1046
PXL_20260614_142936380.jpg,pokemon,me2pt5-99,me2pt5-99,0.8944,0.0049,sv6-95,0.8948,0.0089
PXL_20260614_142942971.jpg,pokemon,me2pt5-99,me2pt5-99,0.9244,0.0051,sv6-95,0.9226,0.0085
PXL_20260614_142955866.jpg,pokemon,sv5-118,sv5-118,0.8445,0.0799,sv5-118,0.84,0.0818
PXL_20260614_145802704.jpg,yugioh,ygo-MP24-EN355-6214163,ygo-MP24-EN355-6214163,0.7638,0.0,ygo-CYAC-EN079-6214163,0.7695,0.0
PXL_20260614_145810880.jpg,yugioh,ygo-MGED-EN134-33746252,ygo-MGED-EN134-33746252,0.861,0.0,ygo-CT12-EN004-33746252,0.8603,0.0
PXL_20260614_145820431.jpg,yugioh,ygo-SGX3-END15-81325903,ygo-DR1-EN139-81325903,0.8426,0.0,ygo-SGX3-END15-81325903,0.8356,0.0
PXL_20260614_145828626.jpg,yugioh,ygo-GFTP-EN023-65563871,ygo-SDBT-EN015-89252157,0.7914,0.0837,ygo-SDBT-EN015-89252157,0.7923,0.089
PXL_20260614_145839954.jpg,yugioh,ygo-MP24-EN350-19271881,ygo-CYAC-EN070-19271881,0.8559,0.0,ygo-MP24-EN350-19271881,0.8527,0.0
PXL_20260614_145846075.jpg,yugioh,ygo-SGX3-ENE03-35975813,ygo-DR1-EN234-35975813,0.8972,0.0,ygo-DR1-EN234-35975813,0.899,0.0
PXL_20260614_145853801.jpg,yugioh,ygo-MP24-EN382-11802691,ygo-MP24-EN382-11802691,0.7496,0.0,ygo-DUNE-EN072-11802691,0.7461,0.0
PXL_20260614_145900355.jpg,yugioh,ygo-MP24-EN322-9175957,ygo-MP24-EN322-9175957,0.8497,0.0,ygo-PHHY-EN054-9175957,0.8473,0.0
PXL_20260614_145905483.jpg,yugioh,ygo-DUEA-ENDE4-52551211,ygo-SGX3-ENE05-73219648,0.7959,0.0088,ygo-SGX3-ENE05-73219648,0.7832,0.0118
PXL_20260614_145914893.jpg,yugioh,ygo-MP24-EN301-93953933,ygo-POTE-EN039-93953933,0.8896,0.0,ygo-POTE-EN039-93953933,0.8886,0.0
PXL_20260614_145922572.jpg,yugioh,ygo-MP24-EN312-39078434,ygo-MP24-EN312-39078434,0.9084,0.0,ygo-MP24-EN312-39078434,0.907,0.0
PXL_20260614_145931434.jpg,mtg,mtg-snc-26,mtg-snc-26,0.9314,0.0,mtg-snc-26,0.9221,0.0
PXL_20260614_145940712.jpg,mtg,mtg-snc-36,mtg-snc-36,0.9441,0.106,mtg-snc-36,0.9367,0.0909
PXL_20260614_145949132.jpg,mtg,mtg-snc-253,mtg-snc-253,0.9275,0.1287,mtg-snc-253,0.9272,0.1325
PXL_20260614_145959318.jpg,mtg,mtg-snc-150,mtg-snc-150,0.9111,0.002,mtg-snc-150,0.9131,0.0047
PXL_20260614_150011334.jpg,mtg,mtg-snc-84,mtg-snc-465,0.8743,0.0094,mtg-snc-465,0.8731,0.0131
PXL_20260614_150015927.jpg,pokemon,sv8pt5-79,sv5-128,0.9281,0.0023,sv5-128,0.9298,0.0004
PXL_20260614_150023502.jpg,pokemon,sv8pt5-16,sv8pt5-16,0.9306,0.0572,sv8pt5-16,0.931,0.0584
PXL_20260614_150029944.jpg,pokemon,sv6-161,sv6-161,0.8417,0.1513,sv6-161,0.8556,0.1542
PXL_20260614_150036169.jpg,pokemon,sv3pt5-86,sv3pt5-86,0.9191,0.1236,sv3pt5-86,0.9137,0.1094
PXL_20260614_150042218.jpg,pokemon,sv3pt5-74,sv3pt5-74,0.8996,0.0956,sv3pt5-74,0.8846,0.0861
PXL_20260614_150049650.jpg,pokemon,sv3pt5-58,sv3pt5-58,0.9219,0.0596,sv3pt5-58,0.9196,0.0574
PXL_20260614_150058376.jpg,pokemon,sv8pt5-77,sv8pt5-77,0.9043,0.1158,sv8pt5-77,0.9197,0.1211
PXL_20260614_150103783.jpg,pokemon,me2pt5-169,me2pt5-169,0.8921,0.0704,me2pt5-169,0.895,0.0683
PXL_20260614_150112135.jpg,pokemon,me2pt5-54,me2pt5-54,0.8951,0.0678,me2pt5-54,0.8951,0.0648
PXL_20260614_150120399.jpg,pokemon,me2pt5-117,me2pt5-117,0.9044,0.0514,me2pt5-117,0.905,0.0513
PXL_20260614_150127161.jpg,pokemon,me2pt5-65,me2pt5-65,0.9135,0.0062,me2pt5-65,0.9138,0.005
PXL_20260614_150132945.jpg,pokemon,me2pt5-166,me2pt5-166,0.9196,0.0926,me2pt5-166,0.9222,0.0896
PXL_20260614_150138550.jpg,pokemon,me2pt5-23,sv10-35,0.916,0.0006,sv10-35,0.9183,0.0008
PXL_20260614_150145533.jpg,pokemon,me1-18,me1-18,0.8882,0.0891,me1-18,0.8898,0.0978
PXL_20260614_150155416.jpg,pokemon,me1-110,me1-110,0.9192,0.0902,me1-110,0.923,0.0935
PXL_20260614_150204085.jpg,pokemon,me1-62,me1-62,0.9133,0.103,me1-62,0.9175,0.1124
PXL_20260614_150214067.jpg,pokemon,me1-12,me1-12,0.9083,0.073,me1-12,0.9082,0.0686
PXL_20260614_150220817.jpg,pokemon,me1-49,me1-49,0.927,0.0568,me1-49,0.929,0.0615
PXL_20260614_150229795.jpg,pokemon,me1-11,me1-11,0.9141,0.0864,me1-11,0.9091,0.0868
PXL_20260614_150236176.jpg,pokemon,rsv10pt5-69,rsv10pt5-69,0.9419,0.1218,rsv10pt5-69,0.9435,0.1207
PXL_20260614_150244788.jpg,pokemon,sv3-17,sv3-17,0.9137,0.0801,sv3-17,0.9079,0.0709
PXL_20260614_150251334.jpg,pokemon,sv3-76,sv3-76,0.9039,0.0885,sv3-76,0.9007,0.0987
PXL_20260614_150259142.jpg,pokemon,swsh12-130,swsh12-130,0.9343,0.0618,swsh12-130,0.9378,0.0655
PXL_20260614_150306972.jpg,pokemon,swsh12-141,swsh12-141,0.9396,0.08,swsh12-141,0.9363,0.0802
PXL_20260614_150313714.jpg,pokemon,sv1-6,sv1-6,0.9182,0.0732,sv1-6,0.9187,0.0782
PXL_20260614_150322569.jpg,pokemon,sv1-85,sv1-85,0.942,0.0009,sv1-85,0.9461,0.0006
PXL_20260614_150330244.jpg,pokemon,sv8-168,sv8-168,0.8696,0.1027,sv8-168,0.8676,0.111
PXL_20260614_150336380.jpg,pokemon,sv8pt5-71,me2pt5-158,0.93,0.0015,me2pt5-158,0.9292,0.0014
PXL_20260614_150341969.jpg,pokemon,sv3pt5-39,sv3pt5-39,0.9374,0.078,sv3pt5-39,0.9324,0.0728
PXL_20260614_150350811.jpg,pokemon,sv8pt5-68,sv8pt5-68,0.9112,0.0719,sv8pt5-68,0.9194,0.0738
PXL_20260614_150401176.jpg,pokemon,me2pt5-49,me2pt5-49,0.9134,0.0808,me2pt5-49,0.9147,0.0781
PXL_20260614_150408378.jpg,pokemon,me2pt5-52,me2pt5-52,0.8969,0.0722,me2pt5-52,0.8927,0.0612
PXL_20260614_151354527.jpg,yugioh,ygo-MP24-EN394-54851325,ygo-MP24-EN394-54851325,0.8743,0.0,ygo-MP24-EN394-54851325,0.8695,0.0
PXL_20260614_151402616.jpg,yugioh,ygo-SDBT-EN009-36956512,ygo-BROL-EN074-36956512,0.9103,0.0,ygo-BROL-EN074-36956512,0.9097,0.0
PXL_20260614_151411807.jpg,yugioh,ygo-SGX3-ENE02-49881766,ygo-YS15-END02-49881766,0.8605,0.0,ygo-DCR-057-49881766,0.8526,0.0
PXL_20260614_151420622.jpg,yugioh,ygo-MP24-EN331-33925864,ygo-MP24-EN331-33925864,0.8816,0.0,ygo-MP24-EN331-33925864,0.8799,0.0
PXL_20260614_151428467.jpg,yugioh,ygo-BLMR-EN046-97417863,ygo-RA04-EN284-13331639,0.7352,0.0018,ygo-RA04-EN284-13331639,0.7376,0.0028
PXL_20260614_151439224.jpg,yugioh,ygo-SDBT-EN016-85032782,ygo-SDBT-EN016-85032782,0.8811,0.0,ygo-SDBT-EN016-85032782,0.8775,0.0
PXL_20260614_151447730.jpg,yugioh,ygo-SGX3-END11-32807846,ygo-SR02-EN031-32807846,0.8488,0.0,ygo-SR02-EN031-32807846,0.8524,0.0
PXL_20260614_151459012.jpg,yugioh,ygo-MP24-EN319-12954226,ygo-PHHY-EN042-12954226,0.8968,0.0,ygo-MP24-EN319-12954226,0.8994,0.0
PXL_20260614_151505558.jpg,mtg,mtg-snc-269,mtg-snc-269,0.9346,0.0351,mtg-snc-269,0.936,0.0325
PXL_20260614_151512899.jpg,mtg,mtg-snc-122,mtg-snc-122,0.9009,0.0719,mtg-snc-122,0.9046,0.0675
PXL_20260614_151526754.jpg,mtg,mtg-snc-18,mtg-j22-200,0.8672,0.0067,mtg-j22-200,0.8663,0.0069
PXL_20260614_151532589.jpg,mtg,mtg-snc-132,mtg-snc-132,0.8452,0.0369,mtg-snc-132,0.8487,0.0513
PXL_20260614_151541285.jpg,pokemon,swsh11-75,swsh11-75,0.9178,0.0485,swsh11-75,0.922,0.0522
PXL_20260614_151551049.jpg,pokemon,me1-112,me1-112,0.9176,0.1317,me1-112,0.9229,0.133
PXL_20260614_151557195.jpg,pokemon,swsh11-4,swsh11-4,0.9233,0.0474,swsh11-4,0.9238,0.0458
PXL_20260614_151605356.jpg,pokemon,swsh11-44,swsh11-44,0.9099,0.0857,swsh11-44,0.9094,0.0809
PXL_20260614_151612027.jpg,pokemon,me1-24,me1-24,0.9268,0.0636,me1-24,0.9304,0.0583
PXL_20260614_151618378.jpg,pokemon,swsh11-2,swsh11-2,0.9038,0.0538,swsh11-2,0.9079,0.051
PXL_20260614_151624928.jpg,pokemon,swsh11-68,swsh11-68,0.939,0.063,swsh11-68,0.9389,0.0665
PXL_20260614_151632925.jpg,pokemon,me2pt5-16,sv8pt5-4,0.8955,0.0006,me2pt5-16,0.9037,0.0011
PXL_20260614_151640950.jpg,pokemon,rsv10pt5-11,rsv10pt5-11,0.9286,0.0183,rsv10pt5-11,0.9282,0.0163
PXL_20260614_151648762.jpg,pokemon,rsv10pt5-22,rsv10pt5-22,0.8986,0.0737,rsv10pt5-22,0.9084,0.0769
PXL_20260614_151658774.jpg,pokemon,swsh12-31,swsh12-31,0.9334,0.0732,swsh12-31,0.9324,0.0769
PXL_20260614_151708246.jpg,pokemon,zsv10pt5-30,zsv10pt5-30,0.8875,0.0004,zsv10pt5-30,0.8893,0.0017
PXL_20260614_151716709.jpg,pokemon,sv1-22,sv1-22,0.9198,0.1005,sv1-22,0.9182,0.0885
PXL_20260614_151723180.jpg,pokemon,sv1-12,sv1-12,0.9166,0.0814,sv1-12,0.9181,0.0868
PXL_20260614_151731390.jpg,pokemon,sv4pt5-86,sv4pt5-86,0.8307,0.0498,sv4pt5-86,0.8339,0.0458
PXL_20260614_151740892.jpg,pokemon,me2pt5-161,me2pt5-161,0.8916,0.0002,sv10-149,0.8987,0.001
PXL_20260614_151746897.jpg,pokemon,me2pt5-17,me2pt5-17,0.8761,0.0135,me2pt5-17,0.8806,0.0158
PXL_20260614_151753491.jpg,pokemon,me2pt5-216,me2pt5-216,0.8934,0.0032,me2pt5-216,0.8953,0.0046
PXL_20260614_151759942.jpg,pokemon,sv3pt5-98,sv3pt5-98,0.948,0.0961,sv3pt5-98,0.9471,0.0908
PXL_20260614_151809612.jpg,pokemon,sv8pt5-81,sv8pt5-81,0.9268,0.1024,sv8pt5-81,0.9316,0.1094
PXL_20260614_151820267.jpg,pokemon,me3-75,me3-75,0.9229,0.1221,me3-75,0.9173,0.1108
PXL_20260614_151829888.jpg,pokemon,sv8-184,sv8-184,0.924,0.0645,sv8-184,0.9188,0.0534
PXL_20260614_151837934.jpg,pokemon,me3-84,me3-84,0.8883,0.087,me3-84,0.8992,0.0945
PXL_20260614_151856075.jpg,pokemon,sv4pt5-18,sv4pt5-18,0.9344,0.0011,sv2-62,0.9331,0.0002
PXL_20260614_151902040.jpg,pokemon,sv4pt5-77,sv4pt5-77,0.8525,0.1269,sv4pt5-77,0.8676,0.1329
PXL_20260614_151908385.jpg,pokemon,swsh12-1,swsh12-1,0.9098,0.0797,swsh12-1,0.9143,0.0733
PXL_20260614_151918734.jpg,pokemon,zsv10pt5-74,zsv10pt5-74,0.9374,0.077,zsv10pt5-74,0.9118,0.084
PXL_20260614_151927501.jpg,pokemon,sv3-126,sv3-126,0.878,0.0461,sv3-126,0.8796,0.0415
PXL_20260614_151934750.jpg,pokemon,rsv10pt5-28,rsv10pt5-28,0.8861,0.0549,rsv10pt5-28,0.8911,0.0575
PXL_20260614_151941246.jpg,pokemon,sv3-174,sv3-174,0.9044,0.0607,sv3-174,0.9072,0.0571
PXL_20260614_151948024.jpg,pokemon,me1-69,me1-69,0.9279,0.0536,me1-69,0.9249,0.0501
PXL_20260614_151954420.jpg,pokemon,swsh11-145,swsh11-145,0.8969,0.0369,swsh11-145,0.8989,0.04
PXL_20260614_151959842.jpg,pokemon,rsv10pt5-1,rsv10pt5-1,0.9113,0.0432,rsv10pt5-1,0.9051,0.044
PXL_20260614_152010902.jpg,pokemon,rsv10pt5-28,rsv10pt5-28,0.9252,0.0562,rsv10pt5-28,0.9222,0.0532
PXL_20260614_152021207.jpg,pokemon,rsv10pt5-73,rsv10pt5-73,0.9136,0.1064,rsv10pt5-73,0.9145,0.1012
PXL_20260614_152028080.jpg,pokemon,me1-31,me1-31,0.8975,0.0541,me1-31,0.9181,0.0689
PXL_20260614_152036990.jpg,pokemon,me1-18,me1-18,0.8816,0.0683,me1-18,0.8912,0.0816
PXL_20260614_152044949.jpg,pokemon,rsv10pt5-58,rsv10pt5-58,0.8606,0.0595,rsv10pt5-58,0.8619,0.051
