filename,bucket
PXL_20260614_142116011.jpg,variant
PXL_20260614_142125789.jpg,variant
PXL_20260614_142132953.jpg,variant
PXL_20260614_142142661.jpg,variant
PXL_20260614_142152584.jpg,variant
PXL_20260614_142202218.jpg,variant
PXL_20260614_142211660.jpg,variant
PXL_20260614_142218935.jpg,variant
PXL_20260614_142231592.jpg,variant
PXL_20260614_142240207.jpg,variant
PXL_20260614_142249204.jpg,variant
PXL_20260614_142259295.jpg,variant
PXL_20260614_142313225.jpg,variant
PXL_20260614_142324969.jpg,variant
PXL_20260614_142334884.jpg,variant
PXL_20260614_142342775.jpg,variant
PXL_20260614_142343980.jpg,variant
PXL_20260614_142356212.jpg,variant
PXL_20260614_142404352.jpg,variant
PXL_20260614_142414276.jpg,variant
PXL_20260614_142426760.jpg,variant
PXL_20260614_142434918.jpg,variant
PXL_20260614_142447926.jpg,variant
PXL_20260614_142455597.jpg,variant
PXL_20260614_142509362.jpg,variant
PXL_20260614_142522795.jpg,variant
PXL_20260614_142532460.jpg,variant
PXL_20260614_142549494.jpg,variant
PXL_20260614_142600245.jpg,variant
PXL_20260614_142612080.jpg,variant
PXL_20260614_142622036.jpg,variant
PXL_20260614_142635747.jpg,variant
PXL_20260614_142644963.jpg,variant
PXL_20260614_142654342.jpg,variant
PXL_20260614_142704322.jpg,variant
PXL_20260614_142715908.jpg,variant
PXL_20260614_142726129.jpg,variant
PXL_20260614_142735982.jpg,variant
PXL_20260614_142743518.jpg,variant
PXL_20260614_142756027.jpg,variant
PXL_20260614_142808018.jpg,variant
PXL_20260614_142816503.jpg,variant
PXL_20260614_142824471.jpg,variant
PXL_20260614_142835186.jpg,variant
PXL_20260614_142843227.jpg,variant
PXL_20260614_142852519.jpg,variant
PXL_20260614_142902019.jpg,variant
PXL_20260614_142911617.jpg,variant
PXL_20260614_142922019.jpg,variant
PXL_20260614_142936380.jpg,variant
PXL_20260614_142942971.jpg,distinct
PXL_20260614_142955866.jpg,distinct
PXL_20260614_145802704.jpg,distinct
PXL_20260614_145810880.jpg,distinct
PXL_20260614_145820431.jpg,distinct
PXL_20260614_145828626.jpg,distinct
PXL_20260614_145839954.jpg,distinct
PXL_20260614_145846075.jpg,distinct
PXL_20260614_145853801.jpg,distinct
PXL_20260614_145900355.jpg,distinct
PXL_20260614_145905483.jpg,distinct
PXL_20260614_145914893.jpg,distinct
PXL_20260614_145922572.jpg,distinct
PXL_20260614_145931434.jpg,distinct
PXL_20260614_145940712.jpg,distinct
PXL_20260614_145949132.jpg,distinct
PXL_20260614_145959318.jpg,distinct
PXL_20260614_150011334.jpg,distinct
PXL_20260614_150015927.jpg,distinct
PXL_20260614_150023502.jpg,distinct
PXL_20260614_150029944.jpg,distinct
PXL_20260614_150036169.jpg,distinct
PXL_20260614_150042218.jpg,distinct
PXL_20260614_150049650.jpg,distinct
PXL_20260614_150058376.jpg,distinct
PXL_20260614_150103783.jpg,distinct
PXL_20260614_150112135.jpg,distinct
PXL_20260614_150120399.jpg,distinct
PXL_20260614_150127161.jpg,distinct
PXL_20260614_150132945.jpg,distinct
PXL_20260614_150138550.jpg,distinct
PXL_20260614_150145533.jpg,distinct
PXL_20260614_150155416.jpg,distinct
PXL_20260614_150204085.jpg,distinct
PXL_20260614_150214067.jpg,distinct
PXL_20260614_150220817.jpg,distinct
PXL_20260614_150229795.jpg,distinct
PXL_20260614_150236176.jpg,distinct
PXL_20260614_150244788.jpg,distinct
PXL_20260614_150251334.jpg,distinct
PXL_20260614_150259142.jpg,distinct
PXL_20260614_150306972.jpg,distinct
PXL_20260614_150313714.jpg,distinct
PXL_20260614_150322569.jpg,distinct
PXL_20260614_150330244.jpg,distinct
PXL_20260614_150336380.jpg,distinct
PXL_20260614_150341969.jpg,distinct
PXL_20260614_150350811.jpg,distinct
PXL_20260614_150401176.jpg,distinct
PXL_20260614_150408378.jpg,distinct
PXL_20260614_151354527.jpg,mixed
PXL_20260614_151402616.jpg,mixed
PXL_20260614_151411807.jpg,mixed
PXL_20260614_151420622.jpg,mixed
PXL_20260614_151428467.jpg,mixed
PXL_20260614_151439224.jpg,mixed
PXL_20260614_151447730.jpg,mixed
PXL_20260614_151459012.jpg,mixed
PXL_20260614_151505558.jpg,mixed
PXL_20260614_151512899.jpg,mixed
PXL_20260614_151526754.jpg,mixed
PXL_20260614_151532589.jpg,mixed
PXL_20260614_151541285.jpg,mixed
PXL_20260614_151551049.jpg,mixed
PXL_20260614_151557195.jpg,mixed
PXL_20260614_151605356.jpg,mixed
PXL_20260614_151612027.jpg,mixed
PXL_20260614_151618378.jpg,mixed
PXL_20260614_151624928.jpg,mixed
PXL_20260614_151632925.jpg,mixed
PXL_20260614_151640950.jpg,mixed
PXL_20260614_151648762.jpg,mixed
PXL_20260614_151658774.jpg,mixed
PXL_20260614_151708246.jpg,mixed
PXL_20260614_151716709.jpg,mixed
PXL_20260614_151723180.jpg,mixed
PXL_20260614_151731390.jpg,mixed
PXL_20260614_151740892.jpg,mixed
PXL_20260614_151746897.jpg,mixed
PXL_20260614_151753491.jpg,mixed
PXL_20260614_151759942.jpg,mixed
PXL_20260614_151809612.jpg,mixed
PXL_20260614_151820267.jpg,mixed
PXL_20260614_151829888.jpg,mixed
PXL_20260614_151837934.jpg,mixed
PXL_20260614_151856075.jpg,mixed
PXL_20260614_151902040.jpg,mixed
PXL_20260614_151908385.jpg,mixed
PXL_20260614_151918734.jpg,mixed
PXL_20260614_151927501.jpg,mixed
PXL_20260614_151934750.jpg,mixed
PXL_20260614_151941246.jpg,mixed
PXL_20260614_151948024.jpg,mixed
PXL_20260614_151954420.jpg,mixed
PXL_20260614_151959842.jpg,mixed
PXL_20260614_152010902.jpg,mixed
PXL_20260614_152021207.jpg,mixed
PXL_20260614_152028080.jpg,mixed
PXL_20260614_152036990.jpg,mixed
PXL_20260614_152044949.jpg,mixed
